miner_id,blocks_mined,avg_transactions,avg_volume,avg_fee,fee_volatility,avg_block_size,difficulty,efficiency,profitability,last_block_id,last_block_time,age,label
0,8110,1112.8760789149198,10848.979161779438,19107428.891471606,73029959.73530664,636997.4431565967,7822986293738.625,0.10257887514757513,19105073.14878988,810900,2023-10-06 11:54:39+00:00,30.0,0
1,8110,1113.2482120838472,10876.172793717184,18822074.01532116,55467248.97797168,633592.2459926017,7822986293738.625,0.10235661323134114,18819753.453859527,810901,2023-10-06 12:01:05+00:00,386.0,0
2,8110,1120.4627620221947,10749.63344307129,19343609.96580066,95175182.4540315,632985.5474722565,7822986293738.625,0.1042326482996765,19341225.10450541,810902,2023-10-06 12:15:02+00:00,837.0,0
3,8110,1099.984956843403,10317.032438322634,18383928.441632178,59592572.98642355,631024.890998767,7822986293738.625,0.10661834819452544,18381661.898857966,810903,2023-10-06 12:27:41+00:00,759.0,0
4,8110,1123.2255240443897,11427.595816707626,20725251.906093664,149297994.50759736,633191.8479654747,7823308605144.058,0.09829062403503004,20722696.703047667,810904,2023-10-06 12:36:45+00:00,544.0,0
5,8110,1117.9822441430333,10802.388055637499,19635321.808914747,71514892.0081218,636626.1616522812,7823308605144.058,0.1034939902533387,19632900.98265301,810905,2023-10-06 12:45:49+00:00,544.0,0
6,8110,1117.3734895191121,9933.392749372586,18118770.33710568,50123873.93673027,636283.3057953144,7823308605144.058,0.11248659120918936,18116536.485504508,810906,2023-10-06 12:50:15+00:00,266.0,1
7,8110,1116.194944512947,10701.430328769899,18724283.18129629,69778610.35680655,636561.35351418,7823308605144.058,0.1043033417235868,18721974.676404007,810907,2023-10-06 13:37:00+00:00,2805.0,0
8,8110,1111.7681874229347,10136.224152101307,17807662.81072738,51139572.31487965,635394.4528976572,7823222102635.517,0.10968267579129531,17805467.315374065,810908,2023-10-06 13:37:21+00:00,21.0,1
9,8109,1108.706498951782,10435.620666487795,18754520.301790603,55063062.263453044,639320.2937476877,7817117985466.121,0.10624250673580884,18752207.78387423,810809,2023-10-05 23:52:08+00:00,360.0,0
10,8109,1120.3227278332718,10360.90805450642,18820867.118955392,47149770.86308295,636017.8322851153,7817117985466.121,0.10812978186268966,18818546.42017377,810810,2023-10-05 23:53:21+00:00,73.0,1
11,8109,1114.013071895425,10604.182271890637,18810881.053944867,95961706.98473375,639540.1725243557,7817117985466.121,0.10505412330079654,18808561.58649062,810811,2023-10-05 23:53:32+00:00,11.0,0
12,8109,1109.295104205204,10083.22878112695,17663550.492256712,44025452.82063594,631390.2454063386,7817394870539.799,0.11001387832054266,17661372.49589515,810812,2023-10-06 00:05:52+00:00,740.0,1
13,8109,1117.9043038599089,10387.070791748565,17887526.955407675,44681409.51853356,636405.8400542607,7817394870539.799,0.10762459660406459,17885321.34172637,810813,2023-10-06 00:36:01+00:00,1809.0,1
14,8109,1114.2672339376002,10212.442147783311,17883612.20574644,43762838.58939651,635346.0956961401,7817394870539.799,0.10910879276602328,17881407.074771624,810814,2023-10-06 00:37:56+00:00,115.0,1
15,8109,1112.9459859415465,10400.50925397916,18525518.890085425,50715541.23692601,638807.7545936614,7817394870539.799,0.10700879723900387,18523234.609087884,810815,2023-10-06 00:44:11+00:00,375.0,0
16,8109,1114.685534591195,10107.951241276189,17747137.661566094,61333395.369680054,636997.7129115798,7818679811042.091,0.11027808781261483,17744949.358525213,810816,2023-10-06 00:53:25+00:00,554.0,1
17,8109,1116.1751140707856,10287.854626690067,18214105.148060154,58995769.086060844,637798.9211986682,7818679811042.091,0.10849444850969735,18211859.265797753,810817,2023-10-06 00:59:14+00:00,349.0,1
18,8109,1113.940313232211,10491.072433364154,18798197.501129474,61442646.883658044,634631.373412258,7818679811042.091,0.10617983245349681,18795879.597615156,810818,2023-10-06 01:00:44+00:00,90.0,0
19,8109,1119.3329633740289,11302.358169964426,18749652.34303507,54652025.8792271,637714.7115550623,7818679811042.091,0.09903534700824765,18747340.425360218,810819,2023-10-06 01:13:59+00:00,795.0,0
20,8109,1110.415340979159,10426.218345595884,18194113.14417161,58934361.97775822,636238.134048588,7818664358907.108,0.1065022143381546,18191869.7270145,810820,2023-10-06 01:35:20+00:00,1281.0,0
21,8109,1102.6046368232828,10563.6324643456,19311429.701387897,120217560.78127739,636399.6018004686,7818664358907.108,0.10437741378684771,19309048.51400178,810821,2023-10-06 01:47:09+00:00,709.0,0
22,8109,1119.143544210137,10317.620489396952,17974639.770150486,50848911.60423824,635498.4359353804,7818664358907.108,0.10846915190960281,17972423.41506169,810822,2023-10-06 01:59:08+00:00,719.0,1
23,8109,1129.2040942163028,10259.447272372874,18079243.517271783,60650112.99087288,642838.831915156,7818664358907.108,0.11006480799964409,18077014.264063735,810823,2023-10-06 02:18:29+00:00,1161.0,1
24,8109,1113.9004809470957,10088.799630081874,17794229.322273534,50221721.021477975,637513.1631520533,7819400315599.237,0.11040961479953047,17792035.212616038,810824,2023-10-06 02:22:06+00:00,217.0,1
25,8109,1124.2764829202122,10283.623018088449,18509020.334540777,47944378.9040902,640765.811690714,7819400315599.237,0.10932688615116959,18506738.0878904,810825,2023-10-06 02:23:09+00:00,63.0,1
26,8109,1111.475890985325,10163.304659055906,18683068.692507986,124931319.10535128,637552.4195338513,7819400315599.237,0.10936166220254419,18680764.98490102,810826,2023-10-06 02:32:48+00:00,579.0,1
27,8109,1109.0103588605252,10736.266120123742,18731656.119888093,55735025.59791418,633533.7041558762,7819400315599.237,0.10329572185079554,18729346.42122966,810827,2023-10-06 02:35:32+00:00,164.0,0
28,8109,1111.0342828955481,10399.295689761777,18522079.588230662,50811185.38750044,631745.7216672832,7820040022416.134,0.10683745477006361,18519795.731314726,810828,2023-10-06 02:44:38+00:00,546.0,0
29,8109,1121.273399926008,10700.498408933874,18780626.446468484,66063590.78976642,639533.4023924035,7820040022416.134,0.10478702552675015,18778310.709545366,810829,2023-10-06 02:45:00+00:00,22.0,0
30,8109,1127.0218275989641,10838.527670750605,18267434.867532887,49530013.44222006,643594.7306696264,7820040022416.134,0.10398292663313466,18265182.409472775,810830,2023-10-06 02:48:44+00:00,224.0,0
31,8109,1103.4982118633618,10533.397035072216,18466985.223381426,64841209.50939652,634326.5762732766,7820040022416.134,0.10476185490673394,18464708.159852035,810831,2023-10-06 02:55:50+00:00,426.0,0
32,8109,1105.6299173757554,10262.71716942979,18664384.145487677,91189424.07451886,632913.9993834011,7820612235672.455,0.10773266953795219,18662082.741770603,810832,2023-10-06 03:18:03+00:00,1333.0,1
33,8109,1123.6939203354298,10529.428150540032,18257498.006311588,51598855.106998906,636243.0820076459,7820612235672.455,0.10671936825721073,18255246.773511797,810833,2023-10-06 03:22:54+00:00,291.0,0
34,8109,1114.2901714144778,10212.090252141203,17790775.494762734,45536269.37044013,634416.6778887656,7820612235672.455,0.10911479862614137,17788581.81097793,810834,2023-10-06 03:26:08+00:00,194.0,1
35,8109,1115.921445307683,10138.04563174067,17981161.149312682,44583935.21475231,637426.9258848194,7820612235672.455,0.11007263982061725,17978943.990108084,810835,2023-10-06 03:26:41+00:00,33.0,1
36,8109,1112.9742261684548,11008.031461744267,20081626.591350015,166536107.9020111,636392.2182759896,7821375739949.324,0.10110565454288759,20079150.435173523,810836,2023-10-06 03:51:20+00:00,1479.0,0
37,8109,1110.41928721174,10296.125728179895,18453594.39300664,68647331.67931253,637729.1559995067,7821375739949.324,0.10784826414585046,18451318.980627727,810837,2023-10-06 03:59:59+00:00,519.0,1
38,8109,1099.9847083487482,10149.454974628416,17542988.91266926,46834139.91032666,632398.6125292884,7821375739949.324,0.10837869728949771,17540825.782100495,810838,2023-10-06 04:17:23+00:00,1044.0,1
39,8109,1104.2176593908002,10763.413254875428,18561118.761094205,59845956.590695575,634085.0147983722,7821375739949.324,0.10258991578628907,18558830.09047015,810839,2023-10-06 04:17:46+00:00,23.0,0
40,8109,1103.9991367616228,10470.955332151063,18304439.62536457,53637209.75908399,633223.6216549512,7821658233395.68,0.10543442329198832,18302182.60444899,810840,2023-10-06 04:28:34+00:00,648.0,0
41,8109,1102.8830928597854,10365.171654468339,18726836.305736735,85022029.30046254,633700.4387717351,7821658233395.68,0.10640278131662541,18724527.201383375,810841,2023-10-06 04:39:41+00:00,667.0,0
42,8109,1113.2571217166112,10423.044241310616,18169151.46928062,45971407.3429865,635703.2079171292,7821658233395.68,0.10680729122344405,18166911.130011905,810842,2023-10-06 04:41:38+00:00,117.0,0
43,8109,1110.076951535331,9868.449261618662,17807669.074249405,50481716.8435929,634776.7577999753,7821658233395.68,0.11248747620891546,17805473.30740918,810843,2023-10-06 04:59:00+00:00,1042.0,1
44,8109,1103.3666296707363,10089.380824426215,18098547.46728746,53705493.125746995,636902.2890615365,7821687802105.601,0.10935920140900972,18096315.833814304,810844,2023-10-06 04:59:59+00:00,59.0,1
45,8109,1112.222838821063,10827.323096613429,19639759.147938512,161041589.22534025,638486.6817116784,7821687802105.601,0.1027237137837737,19637337.47603371,810845,2023-10-06 05:12:20+00:00,741.0,0
46,8109,1110.9295844123812,10832.48002459941,19013556.919450905,74641961.37430938,636648.3411024787,7821687802105.601,0.10255542423244499,19011212.46113778,810846,2023-10-06 05:13:02+00:00,42.0,0
47,8109,1121.2431865828091,11079.567524038943,20042486.7251255,91894258.73730977,641939.0929831052,7821687802105.601,0.10119918346541835,20040015.39507308,810847,2023-10-06 05:16:37+00:00,215.0,0
48,8109,1109.0056727093354,11179.628867581278,20238960.035459895,125422371.00559083,635688.0368726107,7821692820008.258,0.09919879146660532,20236464.479351945,810848,2023-10-06 05:34:09+00:00,1052.0,0
49,8109,1107.2616845480331,10447.86204964003,18313570.837028295,56520822.60977523,634487.7679121963,7821692820008.258,0.1059797381786905,18311312.690192655,810849,2023-10-06 05:36:22+00:00,133.0,0
50,8109,1116.3068195831793,10122.987005663219,17790233.10101071,47669886.21295589,641856.3660130718,7821692820008.258,0.11027444952350138,17788039.48410553,810850,2023-10-06 05:38:56+00:00,154.0,1
51,8109,1112.0082624244667,9959.81486426702,17890255.304940976,45170564.46558128,637091.9454926625,7821692820008.258,0.11164949123842893,17888049.354841724,810851,2023-10-06 05:44:12+00:00,316.0,1
52,8109,1127.2874583795783,11050.941653806954,19220819.334787633,66546419.80745396,641596.0467381921,7821927310339.327,0.10200827166535038,19218449.32007311,810852,2023-10-06 05:46:39+00:00,147.0,0
53,8109,1116.5485263287705,10918.484588666588,19031267.612622783,69250951.73584324,637092.9363669996,7821927310339.327,0.10226222487758495,19028920.970500387,810853,2023-10-06 05:52:59+00:00,380.0,0
54,8109,1109.2248119373535,10319.850516289098,18155697.129289385,45656461.095318645,636203.0953261808,7821927310339.327,0.10748458131117491,18153458.449002173,810854,2023-10-06 06:11:11+00:00,1092.0,1
55,8109,1113.8665680108522,10412.513615411439,18535736.668178506,72674555.49472451,634999.3740288569,7821927310339.327,0.10697384024181485,18533451.12728231,810855,2023-10-06 06:26:06+00:00,895.0,0
56,8109,1108.8181033419658,10357.533960977677,18175062.19002649,56327331.64946691,638011.7496608706,7821606185986.362,0.10705425707696103,18172821.12193894,810856,2023-10-06 06:33:08+00:00,422.0,0
57,8109,1100.5045011715379,10142.58120606006,17425756.214252427,42696081.101385795,634824.3757553336,7821606185986.362,0.10850339561628476,17423607.539010227,810857,2023-10-06 06:35:07+00:00,119.0,1
58,8109,1103.8544826735726,10655.187021883512,18416381.65425554,52411177.12387288,636387.2657541004,7821606185986.362,0.10359785148832998,18414110.830377083,810858,2023-10-06 06:47:11+00:00,724.0,0
59,8109,1107.5294117647059,10421.42084762223,18441929.75730945,56141781.496345386,637615.4475274386,7821606185986.362,0.106274319784072,18439655.783233333,810859,2023-10-06 07:11:16+00:00,1445.0,0
60,8109,1106.427672955975,10036.04148824187,18258779.678688888,54102731.38450789,635930.5121469971,7821743541007.68,0.1102454263717567,18256528.287853044,810860,2023-10-06 07:26:50+00:00,934.0,1
61,8109,1117.5017881366382,10388.789829099835,18586006.515813112,52788095.147054486,636646.8205697373,7821743541007.68,0.10756804271911617,18583714.77641535,810861,2023-10-06 07:32:50+00:00,360.0,1
62,8109,1113.7517573066962,10810.185755047369,19234038.177668456,81114996.87284471,635992.0378591688,7821743541007.68,0.10302799438821603,19231666.533010297,810862,2023-10-06 07:41:52+00:00,542.0,0
63,8109,1116.9284745344678,10495.544597343276,18547573.672521953,55017859.70038904,642866.5565421137,7821743541007.68,0.10641929670015295,18545286.672069114,810863,2023-10-06 07:46:47+00:00,295.0,0
64,8109,1118.0361326920706,10484.221811685607,19903107.900667634,105690400.41213828,639318.4132445431,7822178173574.585,0.10663987778719182,19900653.756660156,810864,2023-10-06 07:51:20+00:00,273.0,0
65,8109,1110.3985694906894,10268.076436927051,18289235.275616847,75693304.49950983,640620.6043901837,7822178173574.585,0.10814085542811683,18286980.12946696,810865,2023-10-06 08:01:13+00:00,593.0,1
66,8109,1110.5836724626959,10256.139359640465,18510622.149198927,53279129.685250394,638761.5384141078,7822178173574.585,0.10828476812950791,18508339.705037497,810866,2023-10-06 08:04:34+00:00,201.0,1
67,8109,1116.9443827845603,10103.860681800983,17929676.34764187,45343090.380526856,640452.5652978172,7822178173574.585,0.11054629690176584,17927465.536748204,810867,2023-10-06 08:17:29+00:00,775.0,1
68,8109,1118.192625477864,10760.263870756733,19165965.686133027,111528856.28919806,639412.8722407202,7822642408130.198,0.10391869929107245,19163602.43512364,810868,2023-10-06 08:19:10+00:00,101.0,0
69,8109,1109.489086200518,10564.352008822001,18256195.37473479,51383555.7437195,635105.057467012,7822642408130.198,0.10502197250469399,18253944.302555412,810869,2023-10-06 08:37:32+00:00,1102.0,0
70,8109,1116.3048464668886,10520.627397910881,18354757.603043057,47347500.309767656,639386.9295844124,7822642408130.198,0.1061062999615832,18352494.37769126,810870,2023-10-06 08:43:04+00:00,332.0,0
71,8109,1111.978295720804,9942.03640648932,17817504.323053036,46899156.40975782,638115.6439758294,7822642408130.198,0.11184612993318821,17815307.343481757,810871,2023-10-06 08:44:46+00:00,102.0,1
72,8109,1114.8262424466643,10331.83889525667,18045266.196431246,46812458.51315402,638933.9630040695,7822551277920.393,0.10790201567683864,18043041.13278187,810872,2023-10-06 08:50:25+00:00,339.0,1
73,8109,1114.0908866691332,10551.290352323724,19064839.3885529,83074588.81355985,638724.8780367493,7822551277920.393,0.10558811761100574,19062488.60687737,810873,2023-10-06 08:53:04+00:00,159.0,0
74,8109,1118.9963004069552,10066.38529985741,17852980.088392876,42578899.918224946,639184.6951535331,7822551277920.393,0.11116167989543324,17850778.734497882,810874,2023-10-06 09:10:10+00:00,1026.0,1
75,8109,1115.69256381798,10736.98155154627,19199552.760971557,80460406.21544605,640209.0463682328,7822551277920.393,0.10391119314694186,19197185.368522607,810875,2023-10-06 09:11:27+00:00,77.0,0
76,8109,1111.8950548772968,10336.254002854595,18469598.036810603,49557998.152436644,640595.9637439882,7823422609322.415,0.10757234241439052,18467320.651109394,810876,2023-10-06 09:17:19+00:00,352.0,1
77,8109,1119.8559625107905,9977.84562652648,18161125.736201867,50101127.98683646,640469.8911086447,7823422609322.415,0.11223424418729218,18158886.386542656,810877,2023-10-06 09:28:09+00:00,650.0,1
78,8109,1118.7766678998644,10280.36249449497,18584383.164562482,47368111.33225215,639587.969663337,7823422609322.415,0.10882657771054757,18582091.62533134,810878,2023-10-06 09:30:38+00:00,149.0,1
79,8109,1124.292021211,10082.871179531263,17421671.17132244,41744567.568306,643213.8124306326,7823422609322.415,0.11150514582525442,17419522.999784667,810879,2023-10-06 09:37:24+00:00,406.0,1
80,8109,1120.2535454433346,9907.652904218801,17901743.834570654,48637417.92328307,636271.1522999137,7823454435208.889,0.11306951871176307,17899536.46788328,810880,2023-10-06 10:05:29+00:00,1685.0,1
81,8109,1112.6749290911332,10063.884926014845,17871510.840144332,48127855.72839606,631406.5884819337,7823454435208.889,0.11056117366910573,17869307.201323103,810881,2023-10-06 10:07:33+00:00,124.0,1
82,8109,1117.3714391416945,10817.065744629854,20065957.70897327,174132010.66247535,633336.132445431,7823454435208.889,0.10329709234653692,20063483.48484146,810882,2023-10-06 10:10:48+00:00,195.0,0
83,8109,1113.9154026390431,10256.972589795094,18047801.29947825,45892534.005113974,637150.8269823652,7823454435208.889,0.10860079744652876,18045575.923239104,810883,2023-10-06 10:22:19+00:00,691.0,1
84,8109,1115.96115427303,9750.966704004548,17345670.974322468,40712681.7809411,637289.8657047725,7823947789864.406,0.11444620704269354,17343532.17395572,810884,2023-10-06 10:37:00+00:00,881.0,1
85,8109,1114.9950672092737,9726.869508221744,17408390.179592885,40055778.088479206,637739.7272166729,7823947789864.406,0.1146304128236425,17406243.645661984,810885,2023-10-06 10:43:52+00:00,412.0,1
86,8109,1118.6865211493403,10251.363739898556,18268648.134665847,51505972.24711064,638966.0524109015,7823947789864.406,0.10912562948042474,18266395.527004357,810886,2023-10-06 10:46:26+00:00,154.0,1
87,8109,1126.7389320508078,10451.75153969292,18564564.51148769,43836281.831721716,638306.6951535331,7823947789864.406,0.10780383821521693,18562275.415986888,810887,2023-10-06 10:56:29+00:00,603.0,1
88,8109,1116.7078554692316,10412.068801531119,18006330.33063,46575307.73015503,633583.7039092367,7823996042510.113,0.10725129431577611,18004110.067950513,810888,2023-10-06 10:59:31+00:00,182.0,1
89,8109,1127.2472561351585,10287.447939041931,18014189.591323595,42704094.45663155,639689.0103588605,7823996042510.113,0.10957501440731755,18011968.35956141,810889,2023-10-06 11:09:37+00:00,606.0,1
90,8109,1116.2780860771982,10368.700379347141,18939873.30277297,67315574.98792663,636573.8536194352,7823996042510.113,0.10765843791769168,18937537.929985944,810890,2023-10-06 11:12:03+00:00,146.0,1
91,8109,1119.5617215439636,10727.15160378978,18649628.30052179,49915260.011099,637937.2126032803,7823996042510.113,0.1043671016216766,18647328.71626772,810891,2023-10-06 11:14:47+00:00,164.0,0
92,8109,1117.9754593661364,10008.385719976817,17507506.655406658,43231257.12294833,633749.164385251,7824387789527.706,0.11170387419566942,17505347.899962097,810892,2023-10-06 11:29:57+00:00,910.0,1
93,8109,1120.7463312368973,9849.075331487262,17902997.63234494,42818488.202884465,637021.8752003947,7824387789527.706,0.1137920356496598,17900790.111058585,810893,2023-10-06 11:34:27+00:00,270.0,1
94,8109,1116.4913059563448,10400.0435951712,18990997.09921575,53301999.52758724,637921.9109631274,7824387789527.706,0.1073544832518424,18988655.422631383,810894,2023-10-06 11:34:55+00:00,28.0,1
95,8109,1110.0238007152548,10746.36957408797,18860190.037792683,92517452.24487494,631298.056357134,7824387789527.706,0.10329291143975547,18857864.49031577,810895,2023-10-06 11:46:39+00:00,704.0,0
96,8109,1100.6682698236527,9820.57754832747,17562101.378570445,44221055.2386062,628383.120236774,7824584989140.03,0.11207775351369166,17559935.891347438,810896,2023-10-06 11:51:25+00:00,286.0,1
97,8109,1113.066099395733,10837.65735401809,19010296.144711055,52250425.1788928,633141.0874337156,7824584989140.03,0.10270356988016031,19007952.08846633,810897,2023-10-06 11:51:52+00:00,27.0,0
98,8109,1120.2172894314958,11066.295741644608,18594599.42140219,50432064.26261711,638482.0536440992,7824584989140.03,0.10122784675054369,18592306.62245997,810898,2023-10-06 11:54:01+00:00,129.0,0
99,8109,1123.0594401282526,11095.425625925072,19240698.380913626,64502636.80742444,639058.7875200395,7824584989140.03,0.10121823875814742,19238325.91502202,810899,2023-10-06 11:54:09+00:00,8.0,0
